job_id,applied,skipped,skip_reason,notes
req_0000001,,,,
req_0000002,,,,
req_0000003,,,,
req_0000004,,,,
req_0000005,,,,
req_0000006,,,,
req_0000051,,,,
req_0000025,,,,
req_0000026,,,,
req_0000023,,,,
req_0000024,,,,
req_0000007,,,,
req_0000008,,,,
req_0000009,,,,
req_0000010,,,,
req_0000011,,,,
req_0000012,,,,
req_0000013,,,,
req_0000031,,,,
req_0000032,,,,
req_0000014,,,,
req_0000015,,,,
req_0000016,,,,
req_0000017,,,,
req_0000018,,,,
req_0000019,,,,
req_0000020,,,,
req_0000021,,,,
req_0000022,,,,
req_0000052,,,,
req_0000053,,,,
req_0000028,,,,
req_0000027,,,,
